src_id,de_statement,rank,cand_id,cand_score,cand_statement
dewiki:npov:1,The neutral point of view is one of the four unchangeable founding principles of Wikipedia.,2,enwiki:npov:99,0.649,"The tone of Wikipedia articles should be impartial, neither endorsing nor rejecting a particular point of view."
dewiki:npov:1,The neutral point of view is one of the four unchangeable founding principles of Wikipedia.,3,enwiki:npov:57,0.621,"A viewpoint held by an extremely small minority does not belong on Wikipedia regardless of its truth or provability, except perhaps in an ancillary article."
dewiki:npov:2,The neutral point of view serves to present topics factually and keep personal viewpoints out of articles.,2,enwiki:npov:42,0.679,"Neutrality requires that mainspace articles fairly represent all significant viewpoints published by reliable sources, in proportion to each viewpoint's prominence in those sources."
dewiki:npov:2,The neutral point of view serves to present topics factually and keep personal viewpoints out of articles.,3,enwiki:npov:24,0.671,A neutral point of view neither sympathizes with nor disparages its subject or what reliable sources say about it.
dewiki:npov:3,"Articles are to be written source-based, balanced as a whole, and as objectively as possible.",2,enwiki:npov:71,0.625,"When writing articles, making some assumptions may be necessary to get through a topic."
dewiki:npov:3,"Articles are to be written source-based, balanced as a whole, and as objectively as possible.",3,enwiki:npov:77,0.624,A biased source need not be used; excluding the material altogether may serve an article better.
dewiki:npov:4,Adherence to the neutrality principle is a prerequisite for a good Wikipedia article.,2,enwiki:npov:10,0.644,"Achieving neutrality requires carefully and critically analyzing a variety of reliable sources and conveying their information to the reader fairly, proportionately, and as far as possible without editorial bias."
dewiki:npov:4,Adherence to the neutrality principle is a prerequisite for a good Wikipedia article.,3,enwiki:npov:99,0.630,"The tone of Wikipedia articles should be impartial, neither endorsing nor rejecting a particular point of view."
dewiki:npov:5,A neutral point of view describes a topic with neither a disparaging nor a sympathetic undertone.,2,enwiki:npov:5,0.666,"Writing from a neutral point of view means representing fairly, proportionately, and as far as possible without editorial bias all the significant views published by reliable sources on a topic."
dewiki:npov:5,A neutral point of view describes a topic with neither a disparaging nor a sympathetic undertone.,3,enwiki:npov:61,0.560,Neutrality assigns weight to viewpoints in proportion to their prominence in reliable sources.
dewiki:npov:6,Evaluations must be presented from an editorially neutral perspective.,2,enwiki:npov:5,0.578,"Writing from a neutral point of view means representing fairly, proportionately, and as far as possible without editorial bias all the significant views published by reliable sources on a topic."
dewiki:npov:6,Evaluations must be presented from an editorially neutral perspective.,3,enwiki:npov:28,0.556,"When editorial bias toward one point of view can be detected, the article needs to be fixed."
dewiki:npov:7,"An article shall clearly describe and characterize all differing viewpoints of a topic, without endorsing, representing, or rejecting any of them.",2,enwiki:npov:48,0.648,In a minority-viewpoint article it should always be clear which parts of the text describe the minority view.
dewiki:npov:7,"An article shall clearly describe and characterize all differing viewpoints of a topic, without endorsing, representing, or rejecting any of them.",3,enwiki:npov:46,0.597,"In articles specifically about a minority viewpoint, that view may receive more attention and space."
dewiki:npov:8,"It shall be shown, as far as possible, who holds which opinion, why they hold it, and how widespread it is.",2,enwiki:npov:16,0.509,"Significant opinions should not be stated in Wikipedia's voice but should be attributed in the text to particular sources, or where justified described as widespread views."
dewiki:npov:8,"It shall be shown, as far as possible, who holds which opinion, why they hold it, and how widespread it is.",3,enwiki:npov:30,0.495,Editors should indicate the relative prominence of opposing views.
dewiki:npov:9,Viewpoints that take a critical stance toward other viewpoints may also be reproduced.,2,enwiki:npov:47,0.590,Minority-viewpoint articles must still appropriately reference the majority viewpoint wherever relevant and must not present content strictly from the minority view's perspective.
dewiki:npov:9,Viewpoints that take a critical stance toward other viewpoints may also be reproduced.,3,enwiki:npov:30,0.581,Editors should indicate the relative prominence of opposing views.
dewiki:npov:10,"The presentation shall remain neutral and merely describe criticism, not exercise it.",2,enwiki:npov:37,0.493,"Specific article structures are not as a rule prohibited, but care must be taken to ensure the overall presentation is broadly neutral."
dewiki:npov:10,"The presentation shall remain neutral and merely describe criticism, not exercise it.",3,enwiki:npov:22,0.475,A passage stating an uncontested fact should not be worded in a way that makes it appear to be contested.
dewiki:npov:11,All presented viewpoints must be attributable to a reliable source.,2,enwiki:npov:41,0.553,Editors should watch for structural or stylistic aspects that make it difficult for a reader to fairly assess the credibility of all relevant viewpoints.
dewiki:npov:11,All presented viewpoints must be attributable to a reliable source.,3,enwiki:npov:31,0.546,Reporting of different views must adequately reflect their relative levels of support and must not give a false impression of parity or undue weight to a particular view.
dewiki:npov:12,The views of the majority must be presented appropriately.,2,enwiki:npov:50,0.632,Controversies regarding aspects of a minority view should be clearly identified and explained.
dewiki:npov:12,The views of the majority must be presented appropriately.,3,enwiki:npov:31,0.631,Reporting of different views must adequately reflect their relative levels of support and must not give a false impression of parity or undue weight to a particular view.
dewiki:npov:13,"The opinions of minorities must be given a voice, provided a reliable source can be found for them.",2,enwiki:npov:16,0.522,"Significant opinions should not be stated in Wikipedia's voice but should be attributed in the text to particular sources, or where justified described as widespread views."
dewiki:npov:13,"The opinions of minorities must be given a voice, provided a reliable source can be found for them.",3,enwiki:npov:48,0.520,In a minority-viewpoint article it should always be clear which parts of the text describe the minority view.
dewiki:npov:14,The description shall have a neutral tone.,2,enwiki:npov:98,0.446,A neutral characterization of disputes requires presenting viewpoints with a consistently impartial tone.
dewiki:npov:14,The description shall have a neutral tone.,3,enwiki:npov:26,0.438,Editors should present opinions and conflicting findings in a disinterested tone.
dewiki:npov:15,The share of each viewpoint in the overall extent shall reflect its respective relevance.,2,enwiki:npov:47,0.576,Minority-viewpoint articles must still appropriately reference the majority viewpoint wherever relevant and must not present content strictly from the minority view's perspective.
dewiki:npov:15,The share of each viewpoint in the overall extent shall reflect its respective relevance.,3,enwiki:npov:55,0.547,"If a viewpoint is in the majority, it should be easy to substantiate with references to commonly accepted reference texts."
dewiki:npov:16,Text should not be removed merely because it presents a dissenting opinion.,2,enwiki:npov:105,0.570,Biased statements of opinion may be presented only with in-text attribution.
dewiki:npov:16,Text should not be removed merely because it presents a dissenting opinion.,3,enwiki:npov:19,0.569,Editors should avoid stating facts as opinions.
dewiki:npov:17,"Text should, where applicable, be shortened or moved to a sub-article if an opinion would otherwise be given disproportionate weight.",2,enwiki:npov:43,0.597,Articles should not give minority views or aspects as much or as detailed a description as more widely held views.
dewiki:npov:17,"Text should, where applicable, be shortened or moved to a sub-article if an opinion would otherwise be given disproportionate weight.",3,enwiki:npov:89,0.595,"All facts and significant points of view on a subject should be treated in one article, except in the case of a legitimate spinoff sub-article."
dewiki:npov:18,Neutrality requires that viewpoints be presented in an unbiased manner.,2,enwiki:npov:42,0.778,"Neutrality requires that mainspace articles fairly represent all significant viewpoints published by reliable sources, in proportion to each viewpoint's prominence in those sources."
dewiki:npov:18,Neutrality requires that viewpoints be presented in an unbiased manner.,3,enwiki:npov:10,0.763,"Achieving neutrality requires carefully and critically analyzing a variety of reliable sources and conveying their information to the reader fairly, proportionately, and as far as possible without editorial bias."
dewiki:npov:19,"It shall be made clear that disagreements exist, rather than pretending the sources are unbiased.",2,enwiki:npov:18,0.598,"When reliable sources make conflicting assertions about a matter, treat those assertions as opinions rather than facts and do not present them as direct statements in Wikipedia's voice."
dewiki:npov:19,"It shall be made clear that disagreements exist, rather than pretending the sources are unbiased.",3,enwiki:npov:75,0.591,"Biased sources are not inherently disallowed on the basis of bias alone, though other aspects of a source may make it invalid."
dewiki:npov:20,The factual basis of articles fundamentally derives from published information sources.,2,enwiki:npov:18,0.547,"When reliable sources make conflicting assertions about a matter, treat those assertions as opinions rather than facts and do not present them as direct statements in Wikipedia's voice."
dewiki:npov:20,The factual basis of articles fundamentally derives from published information sources.,3,enwiki:npov:20,0.547,Uncontested and uncontroversial factual assertions made by reliable sources should normally be stated directly in Wikipedia's voice.
dewiki:npov:21,Presentations or viewpoints for which no reliable source exists constitute unwanted original research.,2,enwiki:npov:32,0.505,Editors should generally not remove sourced information solely because it seems biased.
dewiki:npov:21,Presentations or viewpoints for which no reliable source exists constitute unwanted original research.,3,enwiki:npov:77,0.495,A biased source need not be used; excluding the material altogether may serve an article better.
dewiki:npov:22,A balanced article describes the subject of the entry and subsequently the differing viewpoints connected to it.,2,enwiki:npov:47,0.645,Minority-viewpoint articles must still appropriately reference the majority viewpoint wherever relevant and must not present content strictly from the minority view's perspective.
dewiki:npov:22,A balanced article describes the subject of the entry and subsequently the differing viewpoints connected to it.,3,enwiki:npov:48,0.643,In a minority-viewpoint article it should always be clear which parts of the text describe the minority view.
dewiki:npov:23,Several different or contradictory viewpoints may be described in one article.,2,enwiki:npov:43,0.584,Articles should not give minority views or aspects as much or as detailed a description as more widely held views.
dewiki:npov:23,Several different or contradictory viewpoints may be described in one article.,3,enwiki:npov:47,0.576,Minority-viewpoint articles must still appropriately reference the majority viewpoint wherever relevant and must not present content strictly from the minority view's perspective.
dewiki:npov:24,The acceptance of the various presentations shall be clearly indicated.,2,enwiki:npov:72,0.313,"An assumption need not be discussed on a page if it is best discussed in depth on another page, though a brief unobtrusive pointer or wikilink may be appropriate."
dewiki:npov:24,The acceptance of the various presentations shall be clearly indicated.,3,enwiki:npov:101,0.311,"It is appropriate to note how an artist or work has been received by prominent experts, critics, and the general public."
dewiki:npov:25,Appropriate presentation of the subject and arguments takes precedence over the aim of giving competing viewpoints equal extent.,2,enwiki:npov:47,0.539,Minority-viewpoint articles must still appropriately reference the majority viewpoint wherever relevant and must not present content strictly from the minority view's perspective.
dewiki:npov:25,Appropriate presentation of the subject and arguments takes precedence over the aim of giving competing viewpoints equal extent.,3,enwiki:npov:39,0.530,Editors should fold debates into the narrative rather than isolating them into opposing sections.
dewiki:npov:26,"Ideally, all known viewpoints currently held by relevant social groups, organizations, and authoritative scholars of a field are to be mentioned.",2,enwiki:npov:82,0.557,An explanation of how experts in the relevant field have reacted to fringe or pseudoscientific views should be prominently included.
dewiki:npov:26,"Ideally, all known viewpoints currently held by relevant social groups, organizations, and authoritative scholars of a field are to be mentioned.",3,enwiki:npov:56,0.546,"If a viewpoint is held by a significant minority, it should be easy to name prominent adherents."
dewiki:npov:27,Scientific findings must not be relativized by the mere juxtaposition of different opinions.,2,enwiki:npov:79,0.592,"Pseudoscience should not obfuscate the description of mainstream scientific views, even when it is significant to an article."
dewiki:npov:27,Scientific findings must not be relativized by the mere juxtaposition of different opinions.,3,enwiki:npov:64,0.557,"Minority views, fringe theories, and extraordinary claims need not be presented alongside mainstream scholarship as if they were of equal validity."
dewiki:npov:28,"An encyclopedic article is to be written in a consistently factual-neutral, i.e. non-emotionally-colored, tone.",2,enwiki:npov:102,0.575,An article should not state an aesthetic judgment (e.g. that Shakespeare is the greatest author) in Wikipedia's voice.
dewiki:npov:28,"An encyclopedic article is to be written in a consistently factual-neutral, i.e. non-emotionally-colored, tone.",3,enwiki:npov:99,0.558,"The tone of Wikipedia articles should be impartial, neither endorsing nor rejecting a particular point of view."
dewiki:npov:29,An encyclopedic article refrains from taking a position for or against viewpoints.,2,enwiki:npov:57,0.594,"A viewpoint held by an extremely small minority does not belong on Wikipedia regardless of its truth or provability, except perhaps in an ancillary article."
dewiki:npov:29,An encyclopedic article refrains from taking a position for or against viewpoints.,3,enwiki:npov:43,0.593,Articles should not give minority views or aspects as much or as detailed a description as more widely held views.
dewiki:npov:30,"Viewpoints must be presented neither with undue emphasis, nor apodictically, nor with evasive phrasing.",2,enwiki:npov:52,0.552,Views held by a tiny minority should not be represented except in articles devoted to those views.
dewiki:npov:30,"Viewpoints must be presented neither with undue emphasis, nor apodictically, nor with evasive phrasing.",3,enwiki:npov:31,0.545,Reporting of different views must adequately reflect their relative levels of support and must not give a false impression of parity or undue weight to a particular view.
dewiki:npov:31,Personal interests must never determine the content of articles.,2,enwiki:npov:12,0.542,"The aim of a Wikipedia article is to inform, not to influence."
dewiki:npov:31,Personal interests must never determine the content of articles.,3,enwiki:npov:99,0.526,"The tone of Wikipedia articles should be impartial, neither endorsing nor rejecting a particular point of view."
dewiki:npov:32,"Authors shall always act value-free and without partiality (""sine ira et studio"").",2,enwiki:npov:13,0.440,Editors should strive in good faith to provide complete information and not to promote one particular point of view over another.
dewiki:npov:32,"Authors shall always act value-free and without partiality (""sine ira et studio"").",3,enwiki:npov:32,0.403,Editors should generally not remove sourced information solely because it seems biased.
dewiki:npov:33,Obvious facts may be presented as such in articles.,2,enwiki:npov:2,0.589,"Articles should explain the sides, fairly and without editorial bias."
dewiki:npov:33,Obvious facts may be presented as such in articles.,3,enwiki:npov:106,0.571,A statement of opinion must not be asserted in Wikipedia as if it were a fact.
dewiki:npov:34,Value judgments must in every case be separated from generally accepted facts and marked as such.,2,enwiki:npov:31,0.466,Reporting of different views must adequately reflect their relative levels of support and must not give a false impression of parity or undue weight to a particular view.
dewiki:npov:34,Value judgments must in every case be separated from generally accepted facts and marked as such.,3,enwiki:npov:62,0.462,"When reputable sources contradict one another and are relatively equal in prominence, editors should describe both points of view and work for balance."
dewiki:npov:35,Value judgments must be strictly attributed to the person making them.,2,enwiki:npov:62,0.484,"When reputable sources contradict one another and are relatively equal in prominence, editors should describe both points of view and work for balance."
dewiki:npov:35,Value judgments must be strictly attributed to the person making them.,3,enwiki:npov:75,0.460,"Biased sources are not inherently disallowed on the basis of bias alone, though other aspects of a source may make it invalid."
dewiki:npov:36,Wikipedia authors shall never make value judgments themselves.,2,enwiki:npov:12,0.581,"The aim of a Wikipedia article is to inform, not to influence."
dewiki:npov:36,Wikipedia authors shall never make value judgments themselves.,3,enwiki:npov:51,0.566,Wikipedia should not present a dispute as if a small-minority view is as significant as the majority view.
dewiki:npov:37,Especially for controversial topics it is important to attribute viewpoints.,2,enwiki:npov:55,0.589,"If a viewpoint is in the majority, it should be easy to substantiate with references to commonly accepted reference texts."
dewiki:npov:37,Especially for controversial topics it is important to attribute viewpoints.,3,enwiki:npov:30,0.587,Editors should indicate the relative prominence of opposing views.
dewiki:npov:38,Particularly pointed opinions may be quoted verbatim.,2,enwiki:npov:55,0.565,"If a viewpoint is in the majority, it should be easy to substantiate with references to commonly accepted reference texts."
dewiki:npov:38,Particularly pointed opinions may be quoted verbatim.,3,enwiki:npov:105,0.548,Biased statements of opinion may be presented only with in-text attribution.
dewiki:npov:39,Opinions are to be reproduced exactly and placed into their respective context.,2,enwiki:npov:16,0.568,"Significant opinions should not be stated in Wikipedia's voice but should be attributed in the text to particular sources, or where justified described as widespread views."
dewiki:npov:39,Opinions are to be reproduced exactly and placed into their respective context.,3,enwiki:npov:19,0.534,Editors should avoid stating facts as opinions.
dewiki:npov:40,All authoritative viewpoints must be represented; no hidden value judgment through selection or weighting of individual viewpoints.,2,enwiki:npov:61,0.565,Neutrality assigns weight to viewpoints in proportion to their prominence in reliable sources.
dewiki:npov:40,All authoritative viewpoints must be represented; no hidden value judgment through selection or weighting of individual viewpoints.,3,enwiki:npov:55,0.563,"If a viewpoint is in the majority, it should be easy to substantiate with references to commonly accepted reference texts."
dewiki:npov:41,Significant evaluations must be presented in a balanced manner.,2,enwiki:npov:62,0.503,"When reputable sources contradict one another and are relatively equal in prominence, editors should describe both points of view and work for balance."
dewiki:npov:41,Significant evaluations must be presented in a balanced manner.,3,enwiki:npov:63,0.472,Working for balance involves describing opposing views clearly and drawing on secondary or tertiary sources that describe the disagreement from a disinterested viewpoint.
dewiki:npov:42,No (implicit) evaluation may be made through word choice.,2,enwiki:npov:86,0.367,Editors should not avoid terminology established by the majority of reliable sources out of sympathy for a point of view or fear that readers may confuse formal and informal meanings.
dewiki:npov:42,No (implicit) evaluation may be made through word choice.,3,enwiki:npov:105,0.362,Biased statements of opinion may be presented only with in-text attribution.
dewiki:npov:43,"Authors should not, in the style of an essay, argumentatively lay out their own viewpoint.",2,enwiki:npov:100,0.532,"Editors should avoid quoting directly from participants in a heated dispute and instead summarize and present the arguments in an impartial, formal tone."
dewiki:npov:43,"Authors should not, in the style of an essay, argumentatively lay out their own viewpoint.",3,enwiki:npov:19,0.513,Editors should avoid stating facts as opinions.
dewiki:npov:44,Separating arguments into pro/con lists is not a suitable form of presentation.,2,enwiki:npov:37,0.370,"Specific article structures are not as a rule prohibited, but care must be taken to ensure the overall presentation is broadly neutral."
dewiki:npov:44,Separating arguments into pro/con lists is not a suitable form of presentation.,3,enwiki:npov:98,0.364,A neutral characterization of disputes requires presenting viewpoints with a consistently impartial tone.
dewiki:npov:45,"Self-promotion by authorities, institutions, parties, companies, persons, etc. aimed merely at external image is expressly unwanted.",2,enwiki:npov:13,0.322,Editors should strive in good faith to provide complete information and not to promote one particular point of view over another.
dewiki:npov:45,"Self-promotion by authorities, institutions, parties, companies, persons, etc. aimed merely at external image is expressly unwanted.",3,enwiki:npov:30,0.290,Editors should indicate the relative prominence of opposing views.
dewiki:npov:46,"Likewise unwanted are presentations aimed at damaging third parties' reputations through false claims, rumors, speculation, or distorting quote selection.",2,enwiki:npov:32,0.459,Editors should generally not remove sourced information solely because it seems biased.
dewiki:npov:46,"Likewise unwanted are presentations aimed at damaging third parties' reputations through false claims, rumors, speculation, or distorting quote selection.",3,enwiki:npov:100,0.456,"Editors should avoid quoting directly from participants in a heated dispute and instead summarize and present the arguments in an impartial, formal tone."
dewiki:npov:47,Such behavior can be sanctioned with a block.,2,enwiki:npov:36,0.345,The internal structure of an article may require additional attention to protect neutrality and avoid problems like POV forking and undue weight.
dewiki:npov:47,Such behavior can be sanctioned with a block.,3,enwiki:npov:8,0.332,The three core content policies cannot be interpreted in isolation from one another.
dewiki:npov:48,A dissenting stance held by only a few must not be presented at the same extent as established positions.,2,enwiki:npov:31,0.512,Reporting of different views must adequately reflect their relative levels of support and must not give a false impression of parity or undue weight to a particular view.
dewiki:npov:48,A dissenting stance held by only a few must not be presented at the same extent as established positions.,3,enwiki:npov:64,0.500,"Minority views, fringe theories, and extraordinary claims need not be presented alongside mainstream scholarship as if they were of equal validity."
dewiki:npov:49,"When minority opinions have historical weight through frequent public discussion, they are to be mentioned to an appropriate extent.",2,enwiki:npov:56,0.613,"If a viewpoint is held by a significant minority, it should be easy to name prominent adherents."
dewiki:npov:49,"When minority opinions have historical weight through frequent public discussion, they are to be mentioned to an appropriate extent.",3,enwiki:npov:16,0.611,"Significant opinions should not be stated in Wikipedia's voice but should be attributed in the text to particular sources, or where justified described as widespread views."
dewiki:npov:50,Even a single word can destroy factuality and turn a sentence into a tendentious statement.,2,enwiki:npov:17,0.493,Editors should avoid stating seriously contested assertions as facts.
dewiki:npov:50,Even a single word can destroy factuality and turn a sentence into a tendentious statement.,3,enwiki:npov:108,0.490,Editors should avoid rephrasing biased or opinion statements with weasel words.
dewiki:npov:51,"Relative words like ""well-known"", ""famous"", ""significant"" should be used comprehensibly and purposefully, not promotionally or as filler.",2,enwiki:npov:16,0.449,"Significant opinions should not be stated in Wikipedia's voice but should be attributed in the text to particular sources, or where justified described as widespread views."
dewiki:npov:51,"Relative words like ""well-known"", ""famous"", ""significant"" should be used comprehensibly and purposefully, not promotionally or as filler.",3,enwiki:npov:101,0.436,"It is appropriate to note how an artist or work has been received by prominent experts, critics, and the general public."
dewiki:npov:52,"The article should make clear for what and among which audience the subject is well-known, famous, significant, etc.",2,enwiki:npov:89,0.590,"All facts and significant points of view on a subject should be treated in one article, except in the case of a legitimate spinoff sub-article."
dewiki:npov:52,"The article should make clear for what and among which audience the subject is well-known, famous, significant, etc.",3,enwiki:npov:69,0.565,"An article about a person should always indicate, at least generally, when and where they lived."
dewiki:npov:53,"Labeling linguistic expressions as ""wrong"" violates the neutral point of view.",2,enwiki:npov:108,0.464,Editors should avoid rephrasing biased or opinion statements with weasel words.
dewiki:npov:53,"Labeling linguistic expressions as ""wrong"" violates the neutral point of view.",3,enwiki:npov:24,0.455,A neutral point of view neither sympathizes with nor disparages its subject or what reliable sources say about it.
dewiki:npov:54,"Labels such as ""colloquial"" or ""outdated"" must not be assigned at one's own discretion but require backing by linguistic scholarly literature.",2,enwiki:npov:86,0.501,Editors should not avoid terminology established by the majority of reliable sources out of sympathy for a point of view or fear that readers may confuse formal and informal meanings.
dewiki:npov:54,"Labels such as ""colloquial"" or ""outdated"" must not be assigned at one's own discretion but require backing by linguistic scholarly literature.",3,enwiki:npov:55,0.458,"If a viewpoint is in the majority, it should be easy to substantiate with references to commonly accepted reference texts."
dewiki:npov:55,"It is advisable to first present the undisputed aspects and then, in a separate section, the reception from the perspective of relevant actors.",2,enwiki:npov:40,0.507,"Editors should attend to headers, footnotes, and other formatting elements that might unduly favor one point of view or aspect of the subject."
dewiki:npov:55,"It is advisable to first present the undisputed aspects and then, in a separate section, the reception from the perspective of relevant actors.",3,enwiki:npov:101,0.504,"It is appropriate to note how an artist or work has been received by prominent experts, critics, and the general public."
dewiki:npov:56,The reception section should encompass not only negative assessments but all relevant voices.,2,enwiki:npov:33,0.432,"Instead of removing biased-seeming sourced material, editors should try to rewrite the passage or section to achieve a more neutral tone."
dewiki:npov:56,The reception section should encompass not only negative assessments but all relevant voices.,3,enwiki:npov:24,0.428,A neutral point of view neither sympathizes with nor disparages its subject or what reliable sources say about it.
dewiki:npov:57,Whoever cites a statistic should always add a source reference.,2,enwiki:npov:55,0.452,"If a viewpoint is in the majority, it should be easy to substantiate with references to commonly accepted reference texts."
dewiki:npov:57,Whoever cites a statistic should always add a source reference.,3,enwiki:npov:29,0.444,The only bias that should be evident in an article is bias attributed to the source.
dewiki:npov:58,An article is not made more neutral by shortening the opposing viewpoint.,2,enwiki:npov:2,0.646,"Articles should explain the sides, fairly and without editorial bias."
dewiki:npov:58,An article is not made more neutral by shortening the opposing viewpoint.,3,enwiki:npov:42,0.631,"Neutrality requires that mainspace articles fairly represent all significant viewpoints published by reliable sources, in proportion to each viewpoint's prominence in those sources."
dewiki:npov:59,"Instead, one should work toward better substantiating and elaborating the inadequately explained viewpoint.",2,enwiki:npov:30,0.515,Editors should indicate the relative prominence of opposing views.
dewiki:npov:59,"Instead, one should work toward better substantiating and elaborating the inadequately explained viewpoint.",3,enwiki:npov:62,0.498,"When reputable sources contradict one another and are relatively equal in prominence, editors should describe both points of view and work for balance."
dewiki:npov:60,Particularly vulnerable and disputed articles should be listed on the watchlist candidates page.,2,enwiki:npov:2,0.466,"Articles should explain the sides, fairly and without editorial bias."
dewiki:npov:60,Particularly vulnerable and disputed articles should be listed on the watchlist candidates page.,3,enwiki:npov:73,0.438,"In principle, all articles should be based on reliable, independent, secondary published sources with a reputation for fact-checking and accuracy."
dewiki:npov:61,"As a first step, check the version history for how many people have worked on the text.",2,enwiki:npov:33,0.280,"Instead of removing biased-seeming sourced material, editors should try to rewrite the passage or section to achieve a more neutral tone."
dewiki:npov:61,"As a first step, check the version history for how many people have worked on the text.",3,enwiki:npov:23,0.275,Editors should prefer nonjudgmental language.
dewiki:npov:62,Whoever knows the topic sufficiently or has sources may rewrite or expand the article.,2,enwiki:npov:77,0.529,A biased source need not be used; excluding the material altogether may serve an article better.
dewiki:npov:62,Whoever knows the topic sufficiently or has sources may rewrite or expand the article.,3,enwiki:npov:28,0.488,"When editorial bias toward one point of view can be detected, the article needs to be fixed."
dewiki:npov:63,Disputed articles that are hard to rewrite may be tagged with the {{Neutralität}} template.,2,enwiki:npov:95,0.496,"Alternative names should be given due prominence within the article, with redirects created as appropriate."
dewiki:npov:63,Disputed articles that are hard to rewrite may be tagged with the {{Neutralität}} template.,3,enwiki:npov:77,0.488,A biased source need not be used; excluding the material altogether may serve an article better.
dewiki:npov:64,"If the article is protected due to an edit war, adding the template must be requested from the administrators.",2,enwiki:npov:54,0.380,"The due-weight rule applies not only to article text but to images, wikilinks, external links, categories, templates, and all other material."
dewiki:npov:64,"If the article is protected due to an edit war, adding the template must be requested from the administrators.",3,enwiki:npov:36,0.361,The internal structure of an article may require additional attention to protect neutrality and avoid problems like POV forking and undue weight.
dewiki:npov:65,As a last resort a deletion request may be filed; its text must justify why a revision is impossible or unreasonable.,2,enwiki:npov:32,0.427,Editors should generally not remove sourced information solely because it seems biased.
dewiki:npov:65,As a last resort a deletion request may be filed; its text must justify why a revision is impossible or unreasonable.,3,enwiki:npov:33,0.424,"Instead of removing biased-seeming sourced material, editors should try to rewrite the passage or section to achieve a more neutral tone."
