user_id,username,first_bot_flag,last_rights_change
271058.0,YurikBot,20050718114700,20110711224441
334598.0,CyeZBot~enwiki,20050727205030,20071201014150
357108.0,MoriBot~enwiki,20050731115511,20100817213155
216645.0,ABot,20050806082402,20080709170900
228773.0,FlaBot,20050808214526,20140708131641
367880.0,Lt-wiki-bot,20050817140040,20150724202027
116385.0,Jumbuck,20050817140226,20140708190231
252107.0,M7bot,20050820230757,20080313165233
,Portal_namespace_initialisation_script,20050827083930,20080309135638
,Zwobot_(usurped),20050906114016,20051009130235
,AFD_Bot,20050926163839,20080314214701
397664.0,Curpsbot-unicodify,20051013002106,20071201014146
411872.0,GrinBot~enwiki,20051013002155,20140708184050
393532.0,Whobot,20051013002203,20140708183935
,Pfft_Bot,20051013002220,20051013002220
274552.0,NTBot~enwiki,20051025103310,20080709170819
403026.0,DisambigBot,20051102011043,20080709170845
484830.0,RobotJcb,20051102210608,20140708185522
527862.0,Bluebot,20051111172007,20061213161308
224169.0,Kurando-san,20051112094352,20080709170952
424774.0,NotificationBot,20051112094441,20080314214719
,Commander_Keane_bot,20051123114757,20161203171857
335419.0,Dlyons493,20051209112801,20071130132926
516444.0,Mairibot,20051209113740,20080709171029
624606.0,KaiserbBot,20051210161617,20071201015019
587779.0,CricketBot,20051210161944,20140708184223
725128.0,TPO-bot,20060112161401,20080314143017
621721.0,OrphanBot,20060112163740,20161203171742
,Sashato,20060113065704,20060113065704
620581.0,Chlewbot,20060122020516,20140709101439
813941.0,VandalCountBot,20060124202912,20080709170939
601940.0,Tsca.bot,20060131215013,20150724201551
815650.0,RoboDick~enwiki,20060201205518,20080709170912
823605.0,Syrcatbot,20060205062335,20080314190003
,Ugur_Basak_Bot,20060207085217,20060207085217
922334.0,Tawkerbot,20060222111146,20140708184742
958590.0,JoeBot,20060227140942,20080313165215
433328.0,SmackBot,20060304122748,20150812090738
952938.0,IW-Bot-as~enwiki,20060308154442,20080709170926
1017261.0,Slobot,20060309185254,20150724201611
991764.0,WatchlistBot,20060318005932,20110711223346
955432.0,Fetofsbot,20060318214829,20080331173752
1029865.0,Heikobot,20060318220944,20150724201939
174355.0,Porthos~enwiki,20060322202414,20060322203012
,PorhosBot,20060322203214,20060322203214
1083875.0,Pegasusbot,20060322235949,20060731220737
1079367.0,CmdrObot,20060324195529,20240101192215
543622.0,Rschen7754bot,20060324195613,20130529060412
1002297.0,Mulder416sBot,20060324202053,20110711224535
1161488.0,WeggeBot,20060404144848,20140709101341
,MessedRobot,20060411234951,20060411234951
946823.0,LDBot,20060415120613,20140708190222
1093801.0,PorthosBot,20060417092449,20060424011856
1158220.0,Werdnabot,20060417233451,20161203171756
1122714.0,ZsinjBot,20060421105010,20080311180515
735662.0,Zbot370,20060422193615,20080311120112
1072102.0,Planktonbot,20060422231930,20100821181301
1016403.0,Pathosbot,20060422232411,20140708184639
699909.0,DFBot,20060425193704,20140709000342
1215485.0,Cydebot,20060427230118,20240101192223
1224866.0,EssjayTest,20060428112912,20060428113116
1187248.0,Tangobot,20060428160653,20140708235447
1072843.0,Fetofsbot2,20060428180722,20080331173802
908518.0,Zorglbot,20060517231617,20130529191113
1358905.0,Ralbot,20060525013338,20140708190213
,Beastie_Bot,20060611231840,20140708184101
1553148.0,RoboServien,20060612015812,20150724201622
1504808.0,RoryBot,20060614204207,20080314210409
727408.0,Vina-iwbot~enwiki,20060617054936,20140708235900
1571476.0,MarshBot,20060618020525,20080313165050
1394109.0,VoABot,20060619001120,20080110013647
592517.0,StefanBot,20060624031229,20080314185942
1075024.0,Ganeshbot,20060625025022,20060625025022
1710388.0,Tawbot~enwiki,20060703165448,20071201015032
1385729.0,BetacommandBot,20060704065010,20080516083204
1465663.0,Fluxbot,20060707042910,20210117145851
367234.0,N-Bot,20060707043410,20100821173332
1671506.0,Alphachimpbot,20060707045206,20161203171351
1716311.0,TuvicBot,20060709094643,20140708130053
,FFBot,20060709152210,20060709152210
1756068.0,KonstableBot,20060712081717,20071201015024
1188514.0,MiszaBot,20060712192104,20170605154508
1743889.0,Fritzbot,20060713091916,20080313165301
1324179.0,Alaibot,20060713094755,20161203171440
1577873.0,WinBot,20060714100546,20090927034237
1575512.0,RobotG,20060714124627,20140708184625
1310918.0,DumbBOT,20060714153826,20060714153826
1809622.0,Grafikbot,20060720023157,20110711224242
1036954.0,EssjayBot,20060722125317,20070308161908
,Wikipedia_Signpost,20060726034947,20180522105806
1811786.0,RebelRobot,20060728002927,20150724201627
1410993.0,CrazynasBot,20060729022914,20060729022914
1124563.0,Drinibot,20060806074501,20140708235910
1839348.0,.anacondabot,20060822041834,20080801163322
231599.0,Eubot,20060822041948,20140708185740
1390043.0,Kingbotk,20060822041950,20140708185152
,The_Anomebot2,20060823013548,20241124012113
1800430.0,GurchBot,20060827033849,20170605154501
1725149.0,JAnDbot,20060827034251,20060827034251
1554195.0,Escarbot,20060907075554,20140708131648
2030868.0,MetsBot,20060907075956,20140708190021
2153130.0,DinoBot,20060911022858,20110711221615
553296.0,MalafayaBot,20060911022912,20140708130643
1756359.0,AP.BOT,20060911024655,20110711221819
723279.0,Ligulembot,20060911164944,20110711221726
1778819.0,BOTepho,20060911195454,20071201014139
,Gnome_(Bot),20060912083847,20080709165209
2111501.0,Elissonbot,20060915014746,20140708184221
712009.0,Wybot,20060915134130,20150724201216
2230472.0,Sagabot,20060916004622,20140708184617
2206880.0,Bot523,20060918154913,20140708185111
2135003.0,Halibott,20060919053630,20140708184053
1611616.0,Erwin85Bot,20060920181504,20140709101502
338065.0,BOT-Superzerocool,20060922185939,20140708122046
2176208.0,Riccardobot,20060923022817,20110711222957
163445.0,PoccilScript,20060927200550,20100821181320
2275697.0,Botz~enwiki,20060929124401,20071201014142
2041210.0,AsgardBot,20060929185221,20140708185515
2363800.0,MalarzBOT,20061001034750,20140708121446
2206974.0,STBot,20061006121329,20140708190215
2424884.0,DomBot,20061008065738,20100808111804
2255142.0,CopyToWiktionaryBot,20061008081226,20140708185452
2313330.0,AMABot,20061010203450,20071201144150
1928747.0,TARBOT,20061012123830,20150724201959
2367158.0,Eybot~enwiki,20061012134149,20080403054745
2112280.0,StatsBot,20061012222925,20110711221912
1685358.0,MichaelBillingtonBot,20061013013756,20140708184226
2218388.0,BetBot~enwiki,20061013014450,20140708190033
2253149.0,Bocianski.bot,20061013015106,20150724200843
,Werdnabot_(irc),20061013015658,20080327231710
2378222.0,FANSTARbot,20061013040455,20140708131644
,Dark_Shikari_Bot,20061013190016,20140708184050
234358.0,Mathbot,20061021174022,20061021174022
2437887.0,RefDeskBot,20061023132708,20071201144134
2476645.0,MartinBotII,20061024171013,20140708184706
2466321.0,LostBot,20061024171102,20140708184647
2572294.0,LordAnubisBOT,20061030141510,20140708185700
2394261.0,PlangeBot,20061030174322,20100821173347
,EssjayBot_III,20061112032238,20070308161934
1559905.0,Scepbot,20061112211958,20080919045814
2433582.0,KyluBot,20061120192619,20140708182143
2744412.0,Peelbot,20061120193206,20080314142945
,EssjayBot_IV,20061123035907,20070308161947
2739803.0,Geimas5Bot~enwiki,20061128154603,20140708184057
2479333.0,Skumarlabot,20061128155141,20140708185141
2866290.0,Mihas-bot,20061128155702,20150724201948
2586319.0,TheJoshBot,20061128160453,20080314185906
341052.0,Bota47,20061128160951,20150724200850
2844817.0,DorganBot,20061128161504,20140708121918
2556697.0,Bot-Schafter,20061130121200,20140708185120
2888951.0,MartinBotIII,20061203010020,20170605154450
2798557.0,PockBot,20061208214758,20100808112027
2278882.0,Sgeo-BOT,20061210030056,20110711221750
2854994.0,StubListBot,20061210030104,20080308000420
,Blood_Oath_Bot,20061211031428,20140708184729
2796964.0,STBotD,20061212075434,20140708184714
2885456.0,ListGenBot,20061212075509,20140708184633
2964546.0,Idioma-bot,20061215181535,20140708121639
2976602.0,SatyrBot,20061217180517,20061217180517
2549479.0,Selmobot,20061219003508,20110711221540
2893655.0,HagermanBot,20061219004022,20100817153156
2897456.0,AndreasJSbot,20061219004603,20061219004603
630810.0,AzaBot,20061220132742,20140708184622
,GurchBot_2,20061221002710,20061228180422
2984589.0,Jmax-bot,20061225172712,20100808112133
467651.0,KocjoBot~enwiki,20061229134954,20150724201917
1392310.0,Thijs!bot,20070101043339,20140708130252
2784935.0,TottyBot,20070101043401,20140708130127
3096998.0,AlnoktaBOT,20070101043413,20140708131728
3145267.0,DarknessBot,20070102170425,20140709000316
,VixDaemon,20070102171208,20070102171208
,Kyle_the_bot,20070102221645,20140709101405
,PNG_crusade_bot,20070106045418,20140708185435
,HBC_AIV_helperbot,20070107043435,20091128072133
3236748.0,A4bot,20070113062228,20140708122115
3109161.0,MenasimBot,20070113062303,20140708121439
3035831.0,VolkovBot,20070113160619,20140708120855
3007523.0,Jayden54Bot,20070118224954,20070513190555
3295223.0,NilfaBot,20070125225212,20140708184643
3258344.0,Rei-bot,20070125225214,20140708235940
3213831.0,Thadius856AWB,20070125225216,20250223200559
3304981.0,BJBot,20070126154334,20090930030127
2587417.0,TaeBot,20070126194043,20110711223925
3320708.0,Rob110178bot,20070126212509,20161203171355
3188459.0,GimmeBot,20070127151036,20070127151036
3171056.0,STTWbot,20070128193437,20140708235535
3264021.0,Jogersbot,20070129180153,20140708185456
3398850.0,JhsBot,20070130145826,20140708121643
3410049.0,Broadbot,20070131153006,20140708131708
3409125.0,DyceBot,20070202034828,20170605154546
,HBC_AIV_helperbot2,20070204184958,20161203171834
,HBC_AIV_helperbot3,20070204184959,20180526131758
3453363.0,McM.bot,20070204222924,20140708130647
,WP_1.0_bot,20070205134436,20110515083940
1710275.0,OldMedcabBot,20070207204739,20140709000323
3437172.0,^demonBot2,20070212045404,20071201011616
3383237.0,SelketBot,20070214131830,20170605154410
3171782.0,TXiKiBoT,20070218085706,20140708120950
2860054.0,Danumber1bot,20070223034358,20110711221458
3479822.0,BotKung,20070224055705,20140708122043
3137323.0,WarddrBOT,20070224055803,20140708120846
,NavouBot,20070225024540,20070225024540
3467218.0,Snowbot,20070225121141,20070225121141
3677066.0,VeinorBot,20070302183045,20110711223537
,Reedy_Bot,20070303032211,20070303032211
,MiszaBot_III,20070305211558,20150108214856
,MiszaBot_II,20070305211600,20150108214845
3452245.0,PDFbot,20070305211602,20230201004813
3732271.0,BotanyBot,20070307041645,20140709101408
3774638.0,NW557Bot,20070310183325,20140709101420
,MiszaBot_I,20070310183357,20150108214823
2085396.0,Alleborgo,20070314130026,20070314135021
,Roboto_de_Ajvol,20070314130046,20140708185209
3813685.0,AlleborgoBot,20070314135112,20140708131737
2304267.0,CommonsDelinker,20070315154101,20131106162154
3857230.0,Shadowbot3,20070317070729,20080709165301
3839658.0,NolBot,20070317070806,20110711222436
627574.0,SuggestBot,20070317180941,20210818153410
,HBC_archive_builderbot,20070317181010,20100810224339
3748528.0,MediationBot1,20070317181148,20070319213206
,TeckWizBot,20070319053430,20070319053430
3862802.0,BAGBot,20070319175318,20161203171759
3891047.0,EmxBot,20070320212512,20110711223057
3824077.0,KevinalewisBot,20070322041909,20140708190018
3746172.0,Antischmitzbot,20070323175702,20110711222115
3737405.0,Ocobot,20070324145904,20140708184629
3938356.0,AdambroBot,20070325185630,20161203171817
3827324.0,VeblenBot,20070327132029,20070327132029
3658625.0,Synthebot,20070330025733,20140708121004
2842385.0,Botx,20070404224137,20110711222245
2913411.0,DarioBot~enwiki,20070404224139,20140708185115
3923034.0,Madhubot,20070405124131,20140708185446
3864603.0,Fettgesicht,20070405183539,20110711222038
3364885.0,AlexNewArtBot,20070406141654,20130529191040
4056354.0,YonaBot,20070408021315,20110711223820
3455576.0,Staeckerbot,20070409035153,20140708185500
3729175.0,BrownBot,20070410222918,20070410222918
,Nono_le_petit_robot~enwiki,20070413170558,20110711222202
4005189.0,SieBot,20070413170629,20140708121130
4114706.0,Phe-bot,20070413181637,20140708235429
,Rick_Bot,20070415125935,20070415125935
4048622.0,COIBot,20070416151223,20200206072539
4102994.0,MartinBotIV,20070416151306,20140708184710
4099039.0,VVVBot,20070422061700,20140708185751
4082686.0,ToePeu.bot,20070429213706,20150724201556
4080734.0,BotMultichill,20070429213819,20070429213819
4112738.0,Gerakibot,20070501151655,20140708121635
4189014.0,JabbaTheBot,20070503185640,20080619043701
,VshBot,20070507132928,20070507132928
4198854.0,QualiaBot,20070509135434,20140708185959
,Le_Pied-bot~enwiki,20070509135436,20150724201653
4215433.0,BotCompuGeek,20070509135438,20110711222556
,Android_Mouse_Bot,20070512025320,20100808012756
1248477.0,NedBot,20070512025323,20140708185657
4133660.0,GeorgeMoneyBot,20070512025327,20140708190003
4238630.0,StatisticianBot,20070512160100,20190523202319
3755266.0,Sumibot,20070512160318,20110711222918
4313723.0,PolarBot,20070513140723,20140708184717
4260898.0,Mr.Z-bot,20070513140738,20190523202334
,Android_Mouse_Bot_2,20070513191534,20100808012808
,HBC_NameWatcherBot,20070517151226,20161203171814
4433364.0,EdBot,20070519130655,20080619042924
,Android_Mouse_Bot_3,20070521124008,20100808012817
3951437.0,AccReqBot,20070521124117,20161203171406
4424264.0,Byrialbot,20070525121754,20110711223442
4470916.0,Aksibot,20070526011405,20110711222859
4373711.0,ArkyBot,20070526011430,20140708190025
3573773.0,UncatTemplateBot,20070527133404,20140708184650
4499599.0,ENewsBot,20070527133451,20150811231619
4293505.0,Rabbot,20070529122204,20140708184654
4328888.0,Hxhbot,20070529122221,20140708131209
4502708.0,DinoSizedBot,20070529122225,20110711223506
4262501.0,Tuonela,20070529225007,20080916132458
4536516.0,BenoniBot~enwiki,20070602130754,20140708185124
,Android_Mouse_Bot_4,20070602130931,20100808012827
4477315.0,Polbot,20070602131110,20140708235925
4534303.0,PbBot,20070604215830,20140708190046
,HermesBot,20070604215906,20070604215906
4556419.0,AMbot,20070607054651,20180626134431
4530215.0,DeadBot,20070607055110,20140708185107
,R_Delivery_Bot,20070607055235,20140708184725
4579728.0,AutocracyBot,20070607055332,20140708185137
,OsamaKBOT,20070607055442,20070607055442
,HBC_RenameClerkBot,20070608005026,20100810224227
4568569.0,Seedbot,20070612154022,20140708185133
4598477.0,MadmanBot,20070612154031,20190406225452
4490213.0,RBSpamAnalyzerBot,20070626140327,20080314015130
4719670.0,TypoBot,20070628150551,20140708185431
,Anchor_Link_Bot,20070628150658,20110711223030
2910286.0,IdeoBot,20070628150718,20071201015708
4899241.0,WOPR~enwiki,20070630132656,20070630132656
,EBot2,20070705121434,20070705121434
4496512.0,EBot,20070705121942,20140709101315
,Animum_Delivery_Bot,20070705122532,20070705122532
4773966.0,JL-Bot,20070709133058,20070709133058
4696832.0,SpebiBot,20070711202223,20110711223128
4540091.0,Stwalkerbot,20070711202248,20140709114758
4559826.0,SpellCheckerBot,20070711202301,20110711222752
4790146.0,NrhpBot,20070712200448,20110711223148
4790306.0,EchoBot,20070717141058,20080115025953
4729200.0,BoxCrawler,20070725045755,20140708235937
4796444.0,KiloBot,20070726184242,20080115030021
4870335.0,Cherybot,20070727170515,20140708185653
4709323.0,OverlordQBot,20070728072452,20140709000309
4806773.0,Chem-awb,20070728154158,20070728154158
,MessedRobot_II,20070729055123,20070729055123
,O_bot,20070729055415,20140708185201
4901395.0,WikiBotas,20070730195936,20140709000302
4984067.0,PipepBot,20070731234952,20140708190056
1590000.0,Scsbot,20070801040607,20070801040607
4851336.0,ImageRemovalBot,20070805000236,20070805000236
5020067.0,STBotI,20070805000247,20140708235856
4877205.0,EddieBot,20070807053302,20110711223417
5026080.0,GrooveBot,20070808020652,20140709000319
5014074.0,CorenSearchBot,20070809022548,20201214202640
5854123.0,SXT-404Bot,20070810010202,20070810010202
5048966.0,BoricuaBot,20070810010313,20110711224054
4594058.0,Maelgwnbot,20070810191240,20140709000358
,Chris_G_Bot,20070811234001,20090519125912
4928500.0,ClueBot,20070813015051,20161203172050
5088029.0,PhotoCatBot,20070818214045,20070818214045
4952176.0,HujiBot,20070818214053,20140708185732
5111608.0,CSDWarnBot,20070819213807,20130529191043
4936590.0,SineBot,20070819213811,20110515082520
4771395.0,RonaldBot,20070819213815,20140708185709
,HBC_AIV_helperbot4,20070819214413,20161203171421
5088811.0,VsBot,20070821082656,20130529052202
5000730.0,StatusBot,20070826222550,20110711223726
,Chris_G_Bot_2,20070828181118,20090217114230
5071263.0,ArbComBot,20070830010925,20110711223315
5213657.0,SkiersBot,20070903014757,20170605154445
,ClueBot_II,20070905021855,20110515083458
5245488.0,AlptaBot,20070906040616,20110711223749
,The_wubbot,20070908115653,20070908115653
,ZwoBot,20070908115717,20070908115717
3729068.0,BOTijo,20070908115725,20070908115725
5177705.0,Kl4m-AWB,20070911204527,20140708184721
,ClueBot_III,20070911231453,20251207062114
3991663.0,ProteinBoxBot,20070914205754,20240101192233
5316354.0,StigBot,20070914205807,20140708121105
5330542.0,PsychAWB,20070917025907,20110711223848
5277842.0,Kotbot,20070917174239,20170605154453
5149324.0,MelsaranAWB,20070920211114,20071201012750
,ClueBot_IV,20070923233102,20161203171806
5392880.0,HMBot~enwiki,20070924170705,20110711224417
5340240.0,Ficbot,20070925002026,20140708190006
5478189.0,Detroiterbot,20071005163803,20220211215258
5375009.0,ChandlerMapBot,20071005163806,20140708235842
14254930.0,SnakeBot,20071007031907,20071007031907
5478094.0,OrBot,20071007190930,20110711224309
648410.0,SundarBot,20071007190946,20140708121008
5512121.0,CapitalBot,20071007190957,20140708184733
5503687.0,CohesionBot,20071007191007,20140708235852
5145528.0,Giggabot,20071010003536,20140708190225
5508214.0,DusterBot,20071010024735,20150725092725
5493334.0,RedirectCleanupBot,20071013180946,20081216233540
5561628.0,NeraBot,20071014224508,20110711224222
4555645.0,GracenotesBot,20071014224511,20140708185156
5584160.0,PxBot,20071021001039,20080115025905
5528272.0,EagleAstroidBot,20071021001119,20110711224115
5592739.0,DeliveryBot,20071022193629,20140708190219
310830.0,Mgmbot,20071028023530,20140708184736
5642077.0,Estirabot,20071028023544,20140709101323
5570079.0,PixelBot,20071105174807,20140708121410
5679624.0,AZatBot~enwiki,20071105175840,20150724201925
,Chris_G_Bot_3,20071106023435,20090701175031
5725039.0,Jotterbot,20071106232339,20140708121626
5572102.0,CloudNineBot,20071106232350,20161203171359
2657584.0,RoboMaxCyberSem,20071110041102,20161114235716
5787719.0,SoxBot,20071117223617,20161129165814
5737366.0,BHGbot,20071118190218,20240101192510
5832219.0,AfDBot,20071124070945,20150803111134
4899266.0,MenoBot,20071124071017,20071124071017
5866303.0,ImageTaggingBot,20071124214709,20071124214709
5727164.0,ImageBacklogBot,20071124214711,20140708185504
,R._Hillgentleman,20071124214713,20140708185518
,El_bot_de_la_dieta,20071125165118,20140708185512
82928.0,Guanabot,20071201014949,20240111081158
22514.0,IsraBot,20071201014959,20071201014959
235069.0,Margosbot~enwiki,20071201015027,20071201015027
5870361.0,BOTarate,20071201183937,20110217203111
,Muro_Bot,20071205185306,20161203171919
,EBot_III,20071211235640,20140708185717
5962788.0,Redrocketbot,20071213215948,20080221173020
6014777.0,HarrivBOT,20071216231722,20140708121654
6019534.0,MelonBot,20071219010810,20140708235932
6012350.0,PaievBot,20071221110159,20140708184751
,SoxBot_II,20071224000945,20161203171730
6067097.0,MastersBot,20071229142433,20140708185104
5304551.0,ThisIsaTest,20071231043844,20080909021537
6100386.0,Darkicebot,20080102155731,20130725023137
6055023.0,UnCatBot,20080105134148,20161203171456
5980974.0,JMuniBot,20080109231715,20140708185449
6158447.0,RFRBot,20080110003558,20140708185707
4746784.0,SQLBot,20080110041217,20140708235456
,HBC_Archive_Indexerbot,20080110174835,20180526131754
6126668.0,MonoBot,20080112223904,20140708185508
4551104.0,COBot,20080115025933,20080115025933
5766757.0,JJBot,20080117235645,20140708185213
6255927.0,Botpankonin,20080123085712,20140708122151
5517884.0,Alexbot,20080127180511,20140708131741
6322261.0,BaldBot,20080130163239,20080217234606
6085301.0,DumZiBoT,20080204000752,20140708235907
,HBC_AIV_helperbot7,20080212161320,20170605154604
6316599.0,Comics-awb,20080217083026,20140709000354
6275510.0,IPTaggerBot,20080217083231,20140708185128
,EBot_IV,20080218131328,20080408133703
,SoxBot_III,20080218184541,20140709000248
,HBC_AIV_helperbot_8,20080221223256,20161203171410
,HBC_AIV_helperbot5,20080301003121,20240718094724
6538556.0,AWeenieBot,20080301003153,20161203171453
,718_Bot,20080301183914,20180625165450
6351353.0,SilvonenBot,20080305012308,20140708121127
6456299.0,ElMeBot,20080305012325,20140708235957
6228552.0,BodhisattvaBot,20080305231533,20140708131712
,Non-Free_Content_Compliance_Bot,20080305233316,20140708185148
6164758.0,Lockalbot,20080308125328,20140708185144
6352359.0,Kal-El-Bot,20080308125407,20140708235500
6447875.0,YekratsBot~enwiki,20080308125445,20150724201220
4105298.0,KrimpBot,20080308125646,20140708185721
6505923.0,Kbdankbot,20080308233011,20140709101451
,Pending_deletion_script~enwiki,20080309135722,20080309135722
57806.0,Bgbot,20080311120145,20080311120145
140554.0,LinkBot,20080313165157,20080313165157
89080.0,KevinBot,20080314142901,20080314142901
,The_Anomebot,20080314142925,20080314142925
111945.0,Topjabot~enwiki,20080314210429,20080314210429
6630658.0,Newsletterbot,20080317103509,20140708185729
,SoxBot_IV,20080319030116,20140708235849
,John_Bot,20080319151736,20090720034601
6471211.0,Bikabot,20080320144705,20140708185205
6497177.0,FlagBot,20080321082306,20240101192159
273237.0,RobotE,20080322064131,20080322064131
6754156.0,EjsBot,20080328034238,20090521093904
6771835.0,LatitudeBot,20080330161058,20150724202020
6756213.0,AkhtaBot,20080330161116,20150724200726
6678853.0,GargoyleBot,20080404181944,20140709101506
6809185.0,MagnusA.Bot,20080409122840,20130825023137
6861762.0,SpillingBot,20080411194806,20140709000306
,John_Bot_III,20080411195044,20090720034749
1022055.0,FairuseBot,20080412030106,20080412030106
,DOI_bot,20080412150224,20080927050842
6891585.0,NjardarBot,20080415174644,20140708121416
,SMS_Bot,20080417205010,20140708185439
6867938.0,MBisanzBot,20080419141948,20260417193335
6380178.0,StormBot,20080419143754,20140708185713
6290400.0,PseudoBot,20080422232133,20080424211348
6937400.0,BepBot,20080427183141,20150724200834
6925813.0,H92Bot,20080427183204,20140708235515
6913867.0,Eivindbot,20080427183242,20140708185747
,John_Bot_II,20080427183306,20090720034725
6932179.0,ShepBot,20080427204517,20161203171908
6986250.0,AndersBot,20080428211347,20150724200828
7020891.0,Ginosbot,20080502155009,20081103222824
6569922.0,Addbot,20080505120924,20080505120924
6917606.0,LaaknorBot,20080505125454,20140708121612
6990130.0,FiriBot,20080506113121,20140708121859
7029070.0,LinkFA-Bot,20080506113238,20150228131545
7027852.0,SamatBot,20080506113308,20140708132150
,SteveCrossinBot,20080507205926,20080507205926
3975649.0,WODUPbot,20080510205935,20140708235519
,SoxBot_V,20080511183830,20161203171734
7049876.0,Rtz-bot,20080512140409,20150724201618
7118326.0,Numbo3-bot,20080516140434,20140709000345
7039673.0,ViskonBot,20080516140530,20150724201234
7082157.0,Kisbesbot,20080516140754,20140708185703
7016748.0,SpBot,20080516140837,20140708130356
6929011.0,CarsracBot,20080521183644,20150709090442
7025534.0,LemmeyBOT,20080521183830,20080617022426
7147611.0,Town-bot,20080522233444,20161203171416
,SoxBot_VIII,20080524231424,20140708235508
7125835.0,FireflyBot,20080526071058,20210818152830
7059455.0,PeerReviewBot,20080529095714,20220211215323
7140592.0,FritzpollBot,20080530174000,20140709000337
7212731.0,TinucherianBot,20080530174031,20150722100148
6913650.0,MrVanBot,20080602040725,20140709101337
7013194.0,ChenzwBot,20080602040732,20140708121945
,SoxBot_VI,20080602040738,20161203171738
7218328.0,Zorrobot,20080604220059,20140708120755
6552142.0,Albambot,20080604221414,20150724200731
,ClueBot_VI,20080605031927,20161203172031
7155532.0,Denbot,20080605100659,20140708235440
7178666.0,Lightbot,20080605100800,20130529191053
,Diligent_Terrier_Bot,20080606151559,20140708185743
3971736.0,DvyBot,20080608094547,20140708190050
7254738.0,WolterBot,20080610181045,20140709101416
7128788.0,DinoBot2,20080613142052,20140708190235
,Purbo_T,20080613142136,20140708130704
7268893.0,Swimmingbot-awb,20080613230922,20140708185724
7310603.0,PlankBot,20080615005731,20140708190228
7192839.0,WuBot,20080615180349,20140708130012
5197800.0,JVbot,20080617031243,20080617031243
7304691.0,Legobot,20080617031301,20080617031301
6339071.0,Kwjbot,20080618220155,20140708121616
7246336.0,CountryBot,20080618220158,20080618220158
7320905.0,Luckas-bot,20080618220201,20140708121605
,VFD_Bot,20080619043137,20080619043137
7369635.0,RockfangBot,20080628053106,20080628053217
7328338.0,Yobot,20080628053349,20080628053349
7302634.0,DrFO.Tn.Bot,20080628053428,20140709101400
6773911.0,Tanhabot,20080628053457,20140708130309
,SoxBot_VII,20080629050247,20161203171726
,SoxBot_X,20080706060357,20140708235451
,J_Milburn_Bot,20080706234555,20080706234555
,WPArkansas_Bot,20080707232453,20140709101309
7225622.0,Xenobot,20080708221116,20140709101521
36844.0,Snobot,20080709170641,20080709170641
197223.0,Nobot~enwiki,20080709170710,20080709170710
200235.0,Grammarbot,20080709170733,20080709170733
155478.0,MBot~enwiki,20080709170749,20080709170749
68471.0,Sethbot,20080709170805,20080709170805
51129.0,NohatBot,20080709170833,20080709170833
239574.0,NekoDaemon,20080709171003,20080709171003
,Janna_Isabot,20080709171016,20140708184039
6649961.0,NotifyBot,20080709172217,20080709172217
7328221.0,MifterBot,20080711024243,20080711024243
,AtyndallBot,20080711042733,20080711042733
,WikiDreamer_Bot,20080715165836,20080816112906
,Milk's_Favorite_Bot,20080715194611,20140708185736
,Milk's_Favorite_Bot_II,20080720175359,20110920141019
7449496.0,WilhelmBot,20080721043253,20140708190014
,Vini_17bot5,20080721230223,20150724201230
7390477.0,Amirobot,20080722201349,20140708131724
6424168.0,MystBot,20080722213948,20140708121424
7513046.0,AdminStatsBot,20080723093552,20240718094736
7482776.0,AmeliorationBot,20080724095341,20161203171433
6045156.0,WASDbot,20080726081911,20161203171403
7355879.0,Ptbotgourou,20080727065107,20140708121406
7539788.0,TestEditBot,20080729040306,20080730183404
1577661.0,DeskanaTest,20080729040344,20080729040402
5936301.0,SlakrBot,20080729201646,20130529191101
7359933.0,TaBOT-zerem,20080806150402,20150724202008
7582204.0,SVGBot,20080807170900,20140708185955
7594340.0,Danielfolsom2.bot,20080810001001,20140708235953
7541422.0,Plasticbot,20080814115707,20140708190042
3445382.0,MercuryBot,20080820143436,20080820143436
7669720.0,NVS(bot),20080820143532,20161203171449
7688536.0,Nixbot,20080823024922,20140708190009
7048732.0,SteveBot,20080824000502,20090511030603
7671243.0,AilurophobiaBot,20080904043000,20161203171444
7611264.0,AnomieBOT,20080904043047,20140717020523
7722125.0,SusBot~enwiki,20080907115314,20140708190239
7716793.0,AloysiusLiliusBot,20080907115333,20161203171425
7639874.0,SamuraiBot,20080907115518,20140708190243
7250546.0,HerculeBot,20080912001326,20150724201944
5701402.0,SelectionBot,20080915212119,20161203172102
761101.0,Sambot,20080918112543,20110920225903
5450947.0,Kaspobot,20080920185834,20140708190029
,Citation_bot,20080927050919,20171214181556
7389664.0,Naudefjbot~enwiki,20080929145820,20140708121420
2450100.0,Yonidebot,20080929145901,20140708235948
,FA_Template_Protection_Bot,20080930002031,20090217114256
7826260.0,Zxabot,20081008014445,20140708235921
8057705.0,MPUploadBot,20081013033035,20120303205630
7822573.0,ArticleAlertbot,20081014193400,20130529060402
8084476.0,Nomenclaturebrowser,20081016223122,20161203171429
,TinucherianBot_II,20081016225309,20140708130230
,MifterBot_I,20081018053606,20081018053606
8108756.0,A-lú-mih-bot,20081019110946,20140708190209
8066952.0,DustyBot,20081025033707,20140709101345
8163269.0,AudeBot,20081030163920,20081030163920
7785638.0,ARSBot,20081102032130,20161203171753
7466563.0,Nallimbot,20081108080333,20150724201646
8218911.0,TechBot,20081109131143,20140708235834
8175416.0,IcalaniseBot,20081110210648,20140708190100
7377957.0,CheMoBot,20081111101251,20081111101251
8047153.0,Rfambot,20081112203508,20170605154518
8299385.0,BotPuppet,20081113031158,20240215165900
8008198.0,DirlBot,20081121143350,20140708131700
8311309.0,CwraschkeDataBot,20081124232806,20161203171437
8001475.0,ArthurBot,20081124234034,20140708122056
8166318.0,DYKadminBot,20081126011149,20100305214159
8283056.0,DYKBot,20081126011417,20140708190253
8272013.0,XZeroBot,20081126011741,20150724201223
8009601.0,GnawnBot,20081126012056,20140708235903
8034284.0,Homobot,20081126012539,20140708235512
8058568.0,Obersachsebot,20081126012720,20150724201642
309128.0,Deskana,20081201175930,20081201184616
8453292.0,GrouchoBot,20081205032530,20140708131637
8512209.0,OrophinBot,20081214115455,20140708131139
8356197.0,DavidWSBot,20081215064332,20110920141214
8514163.0,ProtectionTaggingBot,20081220115928,20090930115911
,Legobot_II,20081222011616,20220211215814
8432038.0,Simplebot,20081222011957,20150724094546
8464632.0,XLerateBot,20081222012246,20161203172109
8578431.0,SassoBot,20081224081401,20140708121231
8574593.0,RibotBOT,20081231025437,20140708121245
8605090.0,NobelBot,20090102135740,20140708235531
8026327.0,Analphabot,20090103163935,20140708122059
8623336.0,Pattonbot,20090107000245,20140708235504
8509726.0,WikiStatsBOT,20090107221154,20161203172023
8435267.0,DeadLinkBOT,20090108235608,20140709000330
4169926.0,Lucasbfrbot,20090110125332,20090110125332
8655632.0,LivingBot,20090112013936,20131231181051
8675237.0,Locobot,20090115023404,20140709101443
8260451.0,DSisyphBot,20090115023411,20140708121914
,CAT:TEMP_deletion_bot,20090115023416,20090331143446
8400818.0,Almabot,20090117033941,20140708131733
8677073.0,AntiAbuseBot,20090118011453,20111023150343
7661631.0,Rubinbot,20090118211548,20140708121238
8721539.0,GhalyBot,20090119202246,20140708121658
8719212.0,Arbitrarily0Bot,20090123023122,20100622210739
8760229.0,ProcseeBot,20090127232516,20220511192809
8545370.0,Philosopher-Bot,20090129225931,20241011175740
4553418.0,DanielBot,20090130101907,20140708235444
8908655.0,Thehelpfulbot,20090205203426,20240510152528
8889502.0,Erik9bot,20090206220910,20090922210718
8589215.0,JerryBot,20090207033524,20140708235436
5132189.0,Chrisbot,20090214191942,20161203172034
,RFC_posting_script,20090214191947,20161203171810
,Robert_SkyBot,20090215145107,20200528190946
1980571.0,SwiftBot,20090217115044,20140709101319
7536205.0,Anybot,20090221100940,20090627050424
8962995.0,BorgardeBot,20090228134118,20140709000224
9089258.0,LucienBOT,20090228134135,20140708121609
8561280.0,SPCUClerkbot,20090306100056,20140709000407
8821540.0,AfDStatBot,20090306121609,20150803111138
9082558.0,BücherBot,20090309193805,20140709000252
9176333.0,FPBot,20090314180155,20220211215319
9201969.0,ListasBot,20090315184319,20140709101454
9021902.0,FrescoBot,20090318151714,20090318151714
2372780.0,J.delanoy,20090401002433,20090401003210
9104919.0,BernsteinBot,20090404015714,20230120165044
9332754.0,MGA73bot,20090406034143,20190523202353
9215813.0,CataBotTsirel,20090408140111,20140709000232
,Robotic_Garden,20090408145840,20140709000237
9163626.0,WaldirBot,20090408214350,20090408214350
9152906.0,ReigneBOT,20090416162745,20140708121255
9034037.0,MandelBot,20090416230027,20090416230027
9466074.0,AlekseyBot,20090419040556,20161210022215
9353149.0,WoodwardBot,20090424215531,20090424215531
9446222.0,BenzolBot,20090424215746,20140708131716
8729652.0,MerlLinkBot,20090424215920,20180526131808
,Citation_bot_1,20090427141421,20171214181612
,Citation_bot_2,20090427141440,20171214181606
,Citation_bot_3,20090427141456,20171214181618
,Citation_bot_4,20090427141513,20171214181624
8064063.0,MauritsBot,20090428125233,20140709101348
8803232.0,WebCiteBOT,20090429043043,20250906202846
8331296.0,NeuRobot,20090429131601,20140708235845
9530320.0,SVnaGBot1,20090429133133,20140709000255
,Legobot_III,20090507005728,20130529060407
9614029.0,M-Bot,20090508043729,20140709101446
,EarwigBot_II,20090511124634,20100227233333
,Yet_Another_Redirect_Cleanup_Bot,20090511142840,20140106120849
,EarwigBot_I,20090512012533,20100227233326
9629838.0,DrilBot,20090512012557,20140709000350
9495007.0,AEBot,20090513134008,20150724201920
9698374.0,DYKHousekeepingBot,20090520022529,20090520022529
9721846.0,DefaultsortBot,20090524154752,20140708235928
9274371.0,D'ohBot,20090524191501,20140708121923
9743759.0,NukeBot,20090527122919,20090527122919
9778222.0,ImageTagBot,20090527215742,20140709000258
,Orphaned_talkpage_deletion_bot,20090530023833,20131205155950
9738871.0,SDPatrolBot,20090530023839,20090530023839
9781674.0,PascalBot,20090601015628,20140708235914
9758377.0,Rameshngbot,20090601052251,20140709101328
9768060.0,DottyQuoteBot,20090603144201,20140709000229
9810518.0,AmphBot,20090603144223,20140708122103
9736096.0,MetaplasticityBot,20090607055608,20161210022234
9472257.0,Egmontbot,20090609060808,20140709101458
9832167.0,LaraBot,20090612071529,20230120165039
7193144.0,AHbot,20090612071536,20140708122111
9892229.0,RedBot,20090612143846,20140708121304
9900577.0,MastiBot,20090613232130,20150724201650
9914992.0,EdwardsBot,20090616005618,20160403175236
9918750.0,MondalorBot,20090623012709,20140708130654
,EarwigBot_III,20090629200702,20100227233341
9047641.0,JCbot,20090629200739,20090629200739
10051648.0,ClickBot,20090715133729,20140708235944
9469526.0,XeBot,20090719011845,20140709000420
814230.0,Botryoidal,20090719011903,20140708184035
,Xenobot_Mk_V,20090725221439,20141103154540
9745868.0,Ver-bot,20090805131013,20150724201226
10217519.0,BogBot,20090808132219,20090808132219
10254013.0,FoxBot,20090815125053,20140708121855
10286712.0,TobeBot,20090815125246,20140708130157
10330367.0,DixonDBot,20090817132626,20190523202349
10269385.0,JatBot,20090817231056,20161210022228
10359183.0,FileBot,20090821045212,20090930115936
8782565.0,AwOcBot,20090907175305,20140709000244
10418193.0,Collabsearch,20090908163911,20161210022221
10476070.0,MuZebot,20090908204645,20090908204645
,Ohms_Law_Bot,20090911082128,20090911082128
10383813.0,KingpinBot,20090924101512,20090924101512
10581101.0,CobraBot,20090925120907,20140709101356
,The_Auto-categorizing_Robot,20090930165434,20140709101333
10622600.0,LawBot,20091009005258,20161203172027
10734943.0,ChzzBot,20091014170247,20150902223153
8988477.0,LSG1-Bot,20091015191121,20140709101435
,Kumar_Appaiah_Bot,20091023060134,20140709000312
10591655.0,ZhBot,20091028122451,20140709000326
,Full-date_unlinking_bot,20091107233608,20110924133507
,RM_bot,20091129081350,20180714022602
,Ripchip_Bot,20091202013047,20140708121241
10977258.0,Andrea105Bot,20091202141945,20091214035143
,Alph_Bot,20091202160149,20150302181544
11143008.0,RSElectionBot,20091208133651,20140709000401
8066546.0,Xqbot,20091213125903,20201118200747
10996774.0,RjwilmsiBot,20091215230757,20140717021825
11221843.0,SandgemBot,20091223054842,20161203171837
,Orphaned_image_deletion_bot,20091226045855,20161203171830
11249983.0,DASHBot,20091230144939,20150721102736
10317930.0,UltraBot,20100103023354,20140709000410
11042379.0,MichaelkourlasBot,20100103024746,20130609100043
,GA_bot,20100105223519,20170530182623
11292691.0,BotdeSki,20100112035656,20150724201206
11187190.0,WildBot,20100112145418,20100112145418
,One_bot,20100117175631,20170530182614
,EarwigBot_V,20100117175644,20100227233349
10075168.0,TedderBot,20100123130718,20100123130718
11529654.0,KittyBot,20100128140245,20140709101516
,SDPatrolBot_II,20100203212547,20100203212547
7673795.0,BotMultichillT,20100206114527,20100206114527
11232281.0,PDBbot,20100209044714,20161203171848
8325885.0,FaleBot,20100218090921,20140709101352
11678474.0,EleferenBot,20100225123759,20140708121910
9563533.0,EarwigBot,20100227233309,20100227233309
11745509.0,DYKUpdateBot,20100303012932,20210226232903
11566171.0,7SeriesBOT,20100303041431,20141227225316
9618947.0,AstaBOTh15,20100303041450,20150724200831
11809892.0,EyeEightDestroyerBot,20100304134218,20120303205636
11292982.0,EmausBot,20100312035004,20201118200737
9701715.0,HRoestBot,20100314231221,20140708121650
10477943.0,SheepBot,20100316171156,20140709101412
11762992.0,TuHan-Bot,20100323232204,20140708120956
9710412.0,Adlerbot,20100403200902,20150724200824
12089404.0,SPPatrolBot,20100417222800,20100417222800
12079660.0,PotatoBot,20100419014920,20250223200636
11969601.0,ZéroBot,20100425121131,20140708120521
12169187.0,CrimsonBot,20100430044129,20150731131817
,Mobius_Bot,20100505045053,20110920225311
12293054.0,FacebookBot,20100505184716,20100609211731
12323565.0,H3llBot,20100516205036,20140717021554
,AnomieBOT_II,20100531011742,20131107015821
,Signpost_Book_Bot,20100531022241,20161203171845
12406635.0,SporkBot,20100602102217,20100602102217
7713040.0,JackieBot,20100607134045,20200528191003
11020855.0,TjBot,20100609080450,20140708121000
12110941.0,Bersibot,20100609201832,20150724200839
12529212.0,DodoBot,20100610204255,20170605154511
7490646.0,KamikazeBot,20100612031516,20140708121619
12501772.0,RaptureBot,20100612192429,20170605154514
,Luasóg_bot,20100614024912,20100614024912
,ChrisSalij_Bot,20100617035252,20150722165955
,Image_Screening_Bot,20100619164912,20161203171840
12562331.0,BrokenAnchorBot,20100621010639,20161203171901
12675957.0,People-photo-bot,20100730204901,20190703234933
12715311.0,Δbot,20100731115719,20130528155815
12689969.0,MessageDeliveryBot,20100803194110,20170605154528
12871376.0,Mentibot,20100809183557,20140708121435
,Kakashi_Bot,20100811124225,20161203171852
12284128.0,VWBot,20100816170915,20100816170915
12308086.0,Ebrambot,20100818070404,20140708131656
10638141.0,SvickBOT,20100819195929,20241011175744
12925867.0,QOTDBot,20100901150246,20180625185710
12897624.0,WelcomerBot,20100902221326,20230120235925
13009146.0,KolBot,20100906133656,20161203171916
13022980.0,EdoBot,20100909011109,20140708131652
12652825.0,Kgsbot,20100913143613,20150724201657
13102546.0,DASHBotAV,20100919183449,20200528190951
12929566.0,ChuispastonBot,20100923172656,20140708121938
12987063.0,CleanupListingBot,20100923231704,20161203171912
,Diego_Grez_Bot,20101001164403,20140708131704
13088834.0,KarlsenBot,20101003012351,20101206174613
,Femto_Bot,20101006124128,20160403222558
13177883.0,Mjbmrbot,20101006124204,20140708130651
13184603.0,Pokbot,20101006124251,20140708130701
13110297.0,BsherrAWBBOT,20101010021450,20240404152558
12912352.0,People-n-photo-bot,20101010021512,20190703234923
11340674.0,WikitanvirBot,20101014154643,20140708120842
5178556.0,Taxobot,20101024215156,20130529191105
13214415.0,PC78-bot,20101111025241,20161203172020
12657917.0,OpenlibraryBot,20101118022151,20161203172058
9536040.0,OgreBot,20101118022206,20140115161520
12560517.0,DeltaQuadBot,20101123080900,20190620132846
12405872.0,Acebot,20101127153308,20101127153308
,ClueBot_NG,20101203081059,20110515083133
12225015.0,TorNodeBot,20101203170636,20141229205432
12319337.0,CSBot,20101204113252,20140708121930
13393950.0,H2Bot,20101204113313,20150724202017
13350630.0,CactusBot,20101204113335,20240111081207
13347799.0,WMUKBot,20101205110137,20161203172105
13628994.0,Smallbot,20101222214559,20161203172114
13345453.0,MotinBot,20101223153142,20180625180307
13534264.0,AAlertBot,20101229034305,20230605184925
13462970.0,Manubot,20110102212842,20140708121442
13601713.0,Movses-bot,20110109200440,20140708130658
13743053.0,Admrbot,20110111143243,20140124184407
13770078.0,ListManBot,20110117150802,20161207055523
13752234.0,Snotbot,20110118144926,20230412180905
13798740.0,MediationBot,20110203180957,20181113233517
13939670.0,NoomBot,20110207220436,20171224123658
13062256.0,WillieBot,20110223212254,20140708182342
13912340.0,Kasirbot,20110223223721,20140708132039
11130678.0,DEagleBot,20110303182717,20140708121927
,Taxobot_7,20110313162923,20130529191109
,ChzzBot_II,20110407024420,20150902223159
14161758.0,MerlIwBot,20110407175658,20130609095855
,Project_Messenger_Bot,20110407175718,20171224123716
14263445.0,Petan-Bot,20110411054419,20140717021744
14352475.0,JamietwBot,20110411054644,20110411054644
14280511.0,UcuchaBot,20110412090723,20110412090723
13922443.0,Rezabot,20110417121959,20150724201934
9369556.0,MCBot,20110418175138,20150724201928
,Martin's_bot,20110418201525,20190429134502
,ChzzBot_III,20110422161414,20150902223205
,Bibcode_Bot,20110423041721,20110423041721
13766650.0,HotArticlesBot,20110503125221,20110503125221
13476146.0,CocuBot,20110505022602,20140708121934
14508071.0,BG19bot,20110505112613,20230201004817
,Wikinews_Importer_Bot,20110509001331,20171224123650
,Wpp_research_bot,20110516114214,20170605154558
14589999.0,CommonsNotification,20110516114225,20170615011016
14612528.0,WalkingSoulBot,20110522131054,20170605154457
12646874.0,Sahimrobot,20110523095036,20150724201600
14037661.0,JeffGBot,20110527145849,20110527145849
11952314.0,AvicBot,20110528104948,20250520183507
14618730.0,MauchoBot,20110530021401,20110920140656
14678237.0,KaldariBot,20110601054632,20110601054632
14682280.0,ChessBOT,20110612135740,20140708121941
7209457.0,ZedlikBot,20110615160505,20140127211132
12319974.0,GZ-Bot,20110616122554,20140708121647
14594032.0,NekoBot,20110620103632,20200528190941
13146235.0,28bot,20110624144759,20140627190227
,Lowercase_sigmabot,20110706123040,20240702010234
,Amalthea_(bot),20110707132517,20240111081142
14867976.0,HersfoldArbClerkBot,20110707173402,20170605154550
14893258.0,AvocatoBot,20110709212056,20150302181616
14641272.0,BendelacBOT,20110711001053,20140708122049
14602944.0,Snaevar-bot,20110711093324,20140708121111
91361.0,BenjBot,20110711221702,20110711221702
198990.0,Sandbot,20110711222500,20110711222500
3131993.0,VixDaemonBot,20110711222655,20110711222655
,Ugur_Basak_Bot~enwiki,20110711223706,20110711223706
,Helpful_Pixie_Bot,20110712131803,20170605002304
,ChzzBot_IV,20110715141218,20150902223209
14818921.0,MMABot,20110715141235,20170605154536
14632721.0,Vagobot,20110715142608,20140708120850
,Innocent_iwbot,20110724152004,20130504112339
,Lucia_Bot,20110801150020,20190523202356
14919136.0,HtonlBot,20110808091359,20110808091359
15093225.0,Amolbot,20110808091443,20140708131720
12162641.0,Fbot,20110811014917,20120418081723
15043057.0,TTObot,20110811122327,20110811122327
15139928.0,Svenbot,20110816191620,20150706115635
14413849.0,CommonsNotificationBot,20110822014252,20140717021457
15181260.0,IluvatarBot,20110823143217,20140708121632
11954575.0,HiW-Bot,20110828154402,20140708131633
15270283.0,CitationCleanerBot,20110910212002,20110910212007
15314945.0,KuduBot,20110914221111,20130529191048
15242952.0,Z-BOT,20110921124712,20150724202013
11233090.0,SharafBot,20111002152231,20150724201603
15240085.0,NodBot,20111011163524,20140708121413
15403562.0,SebrevBOT,20111013123449,20150724201614
14754365.0,Dpkbot,20111013123507,20150724201114
15532331.0,ArticlesForCreationBot,20111015144200,20111020010229
,DPL_bot,20111027054732,20111027054732
15261156.0,AvicBot2,20111028204627,20170115122411
15462839.0,MedcabBot,20111029020926,20181113233521
7294931.0,VP-bot,20111104114818,20150724201239
12923076.0,Hazard-Bot,20111108163251,20130727224931
15721048.0,Caypartisbot,20111115072948,20150724201047
15681496.0,RscprinterBot,20111117044234,20111117044234
15644871.0,SharedIPArchiveBot,20111117150941,20150528125750
15672078.0,Manishbot,20111127171345,20111127171345
15746028.0,Minsbot,20111201072902,20140708121430
15800598.0,AswnBot,20111201072906,20140708122052
15929118.0,Kumi-Taskbot,20111218175140,20120219050333
15998120.0,ZscoutBot,20120105072627,20150721175941
15990950.0,FeedBot,20120108143851,20220211215304
15949176.0,DrTrigonBot,20120108143900,20190523202345
15996738.0,BattyBot,20120113110826,20120113110826
16073712.0,PCbot,20120117210048,20150724201630
15893400.0,CeraBot,20120123224722,20240215165930
16043859.0,Image-req-proj-bot,20120127092126,20220211215316
16146895.0,SprinterBot,20120202192150,20220201180259
16159125.0,SeveroBot,20120209145828,20240111081203
8177722.0,GrashoofdBot,20120213231830,20220211215308
13502069.0,DpmukBOT,20120304050909,20220211215312
16458921.0,EnzaiBot,20120312220306,20140708121906
16400314.0,TPBot,20120313000612,20120315012615
16428237.0,YFdyh-bot,20120320110608,20140708121301
16377038.0,PALZ9000,20120401152818,20130529191057
16459962.0,SD5bot,20120402012324,20120402012940
,Cyberbot_I,20120415114602,20180626203247
16596082.0,HostBot,20120416190945,20170422023426
,Lowercase_sigmabot_II,20120430152209,20120430152209
16038205.0,Justincheng12345-bot,20120504131128,20140708121623
16596343.0,JYBot,20120521170741,20150727101739
,Joe's_Null_Bot,20120528220034,20250223200603
15281771.0,Alirezabot,20120613180404,20140708122107
14393296.0,KLBot2,20120613193924,20180526131813
16969299.0,Makecat-bot,20120615010551,20230201004820
,Ryan_Vesey_Bot,20120623080125,20190523202400
16887700.0,TowBot,20120630132416,20120630132416
16853007.0,Hmainsbot1,20120718024656,20120718024656
16185576.0,DarafshBot,20120730191923,20160429111424
,JBradley_Bot,20120808143047,20240215165856
16202189.0,MahdiBot,20120809021858,20150724200721
,RMCD_bot,20120829011016,20161017181022
17310692.0,SteenthIWbot,20120907091122,20140708121108
,Joe's_Olympic_Bot,20120912213803,20250223200607
,MediaWiki_default,20120915070415,20120915070415
17215358.0,VIAFbot,20120927161921,20120927161921
17480081.0,Stefan2bot,20120930233829,20120930233829
,Tom's_Tagging_Bot,20121003205253,20121003205253
17637025.0,Razibot,20121010134546,20140708121402
12263795.0,SunCreatorBot,20121010134717,20161203171905
,Italic_title_bot,20121102024821,20121102024821
16769134.0,SantoshBot,20121106222609,20140708121134
17692124.0,WolfBot,20121118192209,20171224123705
,TAP_Bot,20121127025452,20230201004834
17963495.0,QEDKbot,20121203132023,20210802111046
,MenoBot_II,20121212063736,20121212063736
18150126.0,VoxelBot,20121231012935,20200528190959
17728316.0,Fajrbot,20121231125925,20140708121902
18058143.0,EberBot,20121231125953,20121231125953
,Commons_fair_use_upload_bot_(usurped),20130115005852,20141204113616
18146892.0,LyricsBot,20130117093013,20170605154542
18289815.0,RileyBot,20130121042730,20130204054621
17983901.0,ContinuityBot,20130122013341,20130122013341
,The_Anonybot,20130124231340,20180526131818
9885709.0,SpeedyBot,20130131191218,20150724201955
18387056.0,SpaceFactsBot,20130303030716,20130303030716
17003997.0,Cerabot~enwiki,20130304001234,20240215165849
,Cyberbot_II,20130306163213,20160711145014
18506875.0,Chartbot,20130311152620,20130327222553
18663209.0,ArmbrustBot,20130323210747,20130323210747
,Theo's_Little_Bot,20130331160417,20220211215334
18671567.0,AlanBOT,20130411133553,20170605154532
15687629.0,Wikignome,20130413133438,20130415180939
18823148.0,WxBot,20130417124619,20130417124619
18835496.0,BracketBot,20130506225110,20190523202338
,Merge_bot,20130516113432,20170705154122
18965710.0,IPLRecordsUpdateBot,20130530065255,20170605154553
19224014.0,MoohanBOT,20130715154113,20130715154113
19392737.0,HasteurBot,20130819185008,20200722141337
19238806.0,AstRoBot,20130922161822,20170605154601
,HBC_AIV_helperbot11,20131031154251,20131031154251
14967932.0,Josvebot,20131111202415,20180708070010
20056178.0,InceptionBot,20131111215624,20131111215624
20088696.0,ReferenceBot,20131113160057,20200528191008
20095134.0,NationalRegisterBot,20131117105213,20131117105213
,TFA_Protector_Bot,20131121231808,20131121231808
,Lowercase_sigmabot_III,20131124221440,20250219032920
19171947.0,YpnBot,20131206044352,20171224123627
20483999.0,Monkbot,20140113083439,20140113083439
20487133.0,AttributionBot,20140121220632,20140121220632
20585603.0,Bot1058,20140124171453,20140124171453
20611691.0,Filedelinkerbot,20140219162338,20140803140511
,AnomieBOT_III,20140226124235,20140226124235
21394347.0,DefconBot,20140604181139,20190523202326
21527109.0,EnterpriseyBot,20140609181707,20140609181707
,DRN_clerk_bot,20140623125756,20200722163717
,Mdann52_bot,20140701153616,20161124032722
21685654.0,T13bot,20140704021304,20150724092833
743015.0,SashatoBot,20140708121235,20140708121235
25261.0,Robbot,20140708130712,20140708130712
332929.0,Zwobot,20140708132113,20140708132113
,Pfft_Bot~enwiki,20140708184031,20140708184031
6120.0,Rambot,20140708184043,20140708184043
112114.0,Pearle,20140708184658,20140708184658
114861.0,HasharBot~enwiki,20140708184702,20140708184702
3683477.0,RBot~enwiki,20140708184747,20140708184747
4766377.0,Anibot,20140708185442,20140708185442
236211.0,JdforresterBot,20140708190037,20140708190037
263608.0,Gdrbot,20140708190053,20140708190053
21731873.0,MilHistBot,20140708193227,20140708193227
,EBot_II,20140708235433,20140708235433
16752040.0,Dexbot,20140820182221,20140820182221
20859532.0,RagesossBot,20140914185951,20140914185951
14489787.0,EranBot,20141024100117,20250411203756
,John_of_Reading_Bot,20141117055620,20141117055620
19090830.0,YiFeiBot,20141117055651,20141117055651
,Portal_box_bot,20141119235651,20141119235651
87916.0,DcoetzeeBot~enwiki,20141206181251,20141206181251
,Mdann52_IMG_bot,20141224140214,20141224140214
22689343.0,FACBot,20141224140218,20141224140218
22045933.0,ExpertIdeasBot,20150129000223,20220211215327
,Reports_bot,20150425031841,20150425031841
24420788.0,KasparBot,20150426153309,20240101192238
24870543.0,B-bot,20150502015437,20160526121419
,WikiProject_Notification_Service,20150707232928,20150707232928
25088394.0,ListeriaBot,20150707232939,20150707232939
24684472.0,MusikBot,20150713101326,20190613193054
5466012.0,DragonBot,20150724201150,20150724201150
24958243.0,Luke081515Bot,20150811103953,20240111081213
25894760.0,Abotzi,20150811175028,20160205043528
23535278.0,JhealdBot,20150830184107,20150830184107
,BU_RoBOT,20150830184322,20190630210836
26113707.0,EgressBot,20150830235647,20150831233810
25180159.0,BD2412bot,20150911184949,20150911184949
,Community_Tech_bot,20150923180310,20150923180310
27015025.0,InternetArchiveBot,20151209205832,20160715004300
25756079.0,Bot24,20151229105046,20240108202526
26805746.0,FastilyBot,20160131131216,20160131131216
,Lonjers_french_region_rename_bot,20160208153408,20230201004828
,JJMC89_bot,20160219065130,20160219065130
25878531.0,KharBot,20160404153127,20170323214115
27920258.0,OmniBot,20160410022939,20240111081219
27077959.0,JarBot,20160410232944,20221207003246
28222058.0,UTRSBot,20160520121630,20160520121630
,GreenC_bot,20160524223202,20260318210706
25593488.0,EsquivalienceBot,20160601082423,20240111081146
27113780.0,SSTbot,20160607012742,20210818153103
23646674.0,Cewbot,20160701180016,20160701180016
28359350.0,NihiltresBot,20160725135657,20160725135657
26489545.0,Xphoisbot,20160726195928,20241120121952
28586141.0,DYKReviewBot,20160731234411,20190523202323
,Bender_the_Bot,20160816235453,20160816235504
29088686.0,DatBot,20161001184154,20170921180117
29091978.0,KMLbot,20161011091126,20161011091126
29463730.0,PrimeBOT,20161025200339,20201210033425
29639097.0,ZackBot,20161127130126,20250223200639
75561.0,D6,20161202013534,20161202013534
1726768.0,XyBot,20161203171336,20161203171336
,MusikBot_II,20161207053440,20181123051938
29819627.0,WugBot,20161214220235,20161214220235
24649005.0,TheMagikBOT,20170130123841,20240510152532
,JJMC89_bot_II,20170205185922,20170205185922
29966027.0,Ramaksoud2000Bot,20170207033616,20170207033616
30519056.0,MinusBot,20170324234634,20170324234634
,Magic_links_bot,20170522121159,20170522121159
,RFC_bot,20170530182628,20170530182628
7152369.0,FlBot,20170605154523,20170605154523
31197275.0,UsuallyNonviolentBot,20170605190843,20170621223926
30498975.0,RonBot,20170612144536,20200501131231
31087829.0,Tigraan-testbot,20170706172500,20180326140345
26412558.0,TohaomgBot,20170723160427,20240204165438
29907354.0,CensusBot,20170816211944,20200528191012
31691822.0,KolbertBot,20170817191059,20240404151929
31737083.0,JCW-CleanerBot,20170822104930,20170822104930
,Wiki_Feed_Bot,20170826133810,20220211215338
31996569.0,NihlusBOT,20170925235333,20240111081213
31946894.0,TokenzeroBot,20171013121456,20210818153027
30688881.0,SportsStatsBot,20171028234926,20171028234926
7586604.0,Emijrpbot,20171029000500,20171029000500
32040515.0,Bot11598,20171125060557,20171125060557
32336960.0,PowerBOT,20171202182514,20240510152535
32237108.0,TweetCiteBot,20171208142008,20171208142008
20180976.0,MessengerBot~enwiki,20171224123641,20171224123641
32885453.0,SimplexityBot,20180207143818,20180207143818
28901961.0,Tom.Bot,20180207144037,20180207144037
,Pi_bot,20180212140028,20180212140028
32366448.0,IznoBot,20180214202946,20180214202946
19850724.0,Gabrielchihonglee-Bot,20180310043435,20180310043435
33330201.0,DeprecatedFixerBot,20180322150022,20180328132623
,William_Avery_Bot,20180409154600,20210818153000
32867347.0,Qbugbot,20180421031154,20180421031225
28481209.0,OAbot,20180511235807,20180511235807
33386625.0,Muninnbot,20180521135541,20260417193337
4559949.0,OKBot,20180526131803,20180526131803
32222283.0,InfoboxBot,20180611171347,20180611171347
26109785.0,Ahechtbot,20180805025506,20220401210006
14483807.0,Krdbot,20180902170441,20180902170441
34386029.0,KadaneBot,20180911125527,20220211215345
34437284.0,TWLBot,20180911131058,20180911131058
33995001.0,Texvc2LaTeXBot,20181009134819,20181009134819
33517443.0,Galobot,20181014035244,20181014035244
,FRadical_Bot,20181021125921,20220201104212
34306104.0,TheSandBot,20181128014249,20200401152954
34993826.0,WOSlinkerBot,20181203231346,20190114214204
34994466.0,PkbwcgsBot,20181204171131,20181204171131
,DannyS712_bot,20190128212444,20260202121159
35685799.0,OutreachDashboardBot,20190129182133,20210810135321
,Dreamy_Jazz_Bot,20190202125831,20210818152754
35741276.0,Fz29bot,20190215231411,20220211215341
35863023.0,Muhbot,20190314141925,20190314141925
,JJMC89_bot_III,20190427220224,20190427232356
35277463.0,RetractionBot,20190428165953,20190428165953
18872885.0,WikiCleanerBot,20190508142330,20210818153010
36265925.0,ArbClerkBot,20190513164140,20190513164140
,DannyS712_bot_III,20190602140614,20260202121232
37076574.0,PearBOT,20190922162840,20210818153151
,DemonDays64_Bot,20191208162757,20191208162757
,PearBOT_II,20191230215905,20210628090244
38200765.0,ST47Bot,20200103145842,20200103145842
37756288.0,Seppi333Bot,20200118122939,20200118122939
37523569.0,MajavahBot,20200306120150,20200306120150
38711725.0,SDZeroBot,20200306223746,20200306223746
32197056.0,Bitbotje,20200315155808,20200315155808
37958503.0,ST47ProxyBot,20200322221900,20240814162033
37030835.0,AntiCompositeBot,20200422041501,20200422041501
13898661.0,ErfgoedBot,20200515140311,20210818152807
39197131.0,Yapperbot,20200522180008,20200615232839
38348176.0,MDanielsBot,20200624171333,20200706211226
39560964.0,RichBot,20200630183820,20200630183820
39734652.0,ProcBot,20200903171306,20200930120942
32983869.0,KiranBOT,20200915162535,20230706063115
40411445.0,VahurzpuBot,20201116052412,20201116052412
39943032.0,Dapperbot,20201125185856,20201125185856
40600116.0,ShortDescBot,20201224021312,20201224021312
,FireflyBot_II,20210415001654,20210818152850
41617906.0,TolBot,20210419224245,20220905212148
,ProcBot_II,20210511123134,20210808144300
,Mz7_(bot),20210525104027,20210525104027
41840956.0,SdkbBot,20210530102702,20210530102702
41830889.0,MalnadachBot,20210531113420,20240101192553
,VRTS_Migration_Bot,20210611010443,20210611010443
42161706.0,TNTBot,20210901170219,20230422162636
,Qwerfjkl_(bot),20210927193445,20240329073614
42283532.0,'zinbot,20210928151220,20210928151339
42658512.0,IndentBot,20211020073540,20250223200617
37810268.0,GeneralBotability,20211020080445,20211020080445
41888157.0,RottenBot,20211108014813,20250223200631
41679398.0,NovemBot,20211216094039,20240517083525
42971686.0,TheCowBot,20211216094235,20211216094235
,Rlink2_Bot,20211229125403,20260417193327
,タチコマ_robot,20220211215331,20220211215331
41899643.0,FrostlyBot,20220213150205,20220213150205
,Dušan_Kreheľ_(bot),20220306142200,20251110100027
43452311.0,BsoykaBot,20220313131344,20240101133134
43374720.0,AssumptionBot,20220327123735,20220327123735
22677397.0,Roccerbot,20220327124447,20220327124447
43730047.0,DeadbeefBot,20220613072256,20260331221100
43599557.0,Aidan9382-Bot,20220713095748,20220713095748
44604045.0,ChristieBot,20221003141233,20231111210655
44652692.0,HaleBot,20221012093549,20221012163604
43322899.0,GalliumBot,20221118005005,20221118005005
44304581.0,C1MM-bot,20230111113834,20240804232306
45016860.0,DYKToolsBot,20230131110807,20230131110807
44618149.0,SheepLinterBot,20230131113316,20230131113316
45552193.0,Eejit43Bot,20230417134616,20240121205945
45022001.0,IngenuityBot,20230628104133,20230628104133
46071833.0,VulpesBot,20230628104437,20230628104437
46056553.0,Snowmanonabot,20230628105133,20240111065858
,CX_Zoom_AWB_Bot,20230718123843,20250905184630
45135613.0,WegweiserBot,20230904093003,20230904093003
43668429.0,PonoRoboT,20230920095653,20230920095653
21155623.0,StradBot,20231022232327,20231022232327
,DreamRimmer_bot_III,20231214130240,20240721123358
43502289.0,ButlerBlogBot,20231217141220,20240226005450
,Flow_talk_page_manager,20240112072229,20240112072229
,The_Sky_Bot,20240125125929,20240717163559
45757182.0,CopyPatrolBot,20240313124125,20240313124125
47732363.0,Numberguy6Bot,20240503113343,20240526131414
43927492.0,RustyBot,20240627152204,20260118130647
,AdminStatsBot_2,20240721123943,20240721123943
,HBC_AIV_helperbot14,20240727165608,20240727165608
,Protection_Helper_Bot,20240804234537,20240908135729
48091910.0,Platybot,20240822120726,20240901172026
,DreamRimmer_bot,20241004220139,20241004220139
48730959.0,Ow0castBot,20241201203947,20241201203947
48643156.0,BunnysBot,20241209164852,20241209164852
,DreamRimmer_bot_II,20241216161240,20241216161240
48921271.0,MolecularBot,20241219122528,20241219122528
,VWF_bot,20250201141939,20250201141939
10202399.0,SchlurcherBot,20250407004721,20250407004721
49043356.0,Jlwoodbot,20250510230242,20250510230242
49446470.0,PharyngealBOT,20250517125538,20250517125538
49381621.0,TenshiBot,20250525144809,20250525144809
,DeadbeefBot_II,20250608132726,20250727171831
49784051.0,GraphBot,20250621001527,20251123213956
37451528.0,AussieBot,20250704170649,20250704170649
46008274.0,SodiumBot,20250813101630,20250813101630
49709620.0,ClerkBot,20251107222837,20251107222837
,CFA_(bot),20251107222907,20251107222907
12881194.0,PhuzBot,20251107222942,20251107222942
48073429.0,MatrixBot,20251110095401,20251110095401
,CSD_U6_Bot,20251129162441,20251129162441
51526767.0,DwAlphaBot,20260105155617,20260105155617
51547134.0,StaractionBot,20260118131716,20260602045239
51631135.0,AvoidedDoubleRedirectBot,20260118132310,20260118132310
52124777.0,BrieBot,20260215182844,20260215182844
52925419.0,FACSummaryBot,20260327162543,20260327162543
53328016.0,SnowyBot,20260503225458,20260503225458
48691442.0,Chuckbot,20260607194623,20260607194623
